{
  "activateSkinCapeForUserVersion": false,
  "skipHashsumValidation": false,
  "additionalFiles": [],
  "tlauncherVersion": 0,
  "modpack": {
    "modpackMemory": false,
    "memory": 0,
    "id": -20005466102100,
    "name": "_CrossBattle_",
    "favorite": false,
    "version": {
      "mods": [
        {
          "stateGameElement": "active",
          "id": 10000020,
          "name": "TL skin and cape",
          "favorite": false,
          "version": {
            "id": 11000372,
            "name": "1.4",
            "metadata": {
              "sha1": "d0483ac68cbeea22d6a2c46984c4cc7de4d3ce42",
              "size": 193898,
              "path": "mods/tlskincape1.12.2-1.4.jar",
              "url": "/mods/10000020/11000372/tlskincape1.12.2-1.4.jar"
            },
            "available": false
          },
          "userInstall": false,
          "populateStatus": false,
          "available": false,
          "parser": false
        }
      ],
      "resourcePacks": [],
      "maps": [],
      "shaderpacks": [],
      "gameVersionDTO": {
        "id": 1,
        "name": "1.12.2"
      },
      "minecraftVersionName": {
        "id": 3004,
        "name": "14.23.5.2860"
      },
      "id": -20005466128901,
      "name": "1.0",
      "available": false,
      "minecraftVersionTypes": [
        {
          "id": 1,
          "name": "forge"
        }
      ]
    },
    "userInstall": false,
    "populateStatus": false,
    "available": false,
    "parser": false
  },
  "source": "local_version_repo",
  "jar": "1.12.2",
  "skinVersion": true
}